brand,profile_url
47-A,https://indiadesignid.com/id-exhibit/47-a/
A-Class Marble,https://indiadesignid.com/id-exhibit/a-class-marble-2/
AADYAM HANDWOVEN – AN ADITYA BIRLA INITIATIVE,https://indiadesignid.com/id-exhibit/aadyam-handwoven-an-aditya-birla-initiative/
ABACA,https://indiadesignid.com/id-exhibit/abaca/
Abner,https://indiadesignid.com/id-exhibit/abner/
ABSTRAC HOME,https://indiadesignid.com/id-exhibit/abstrac-home/
AKFD and Anantaya,https://indiadesignid.com/id-exhibit/akfd-and-anantaya/
AKFD Studio,https://indiadesignid.com/id-exhibit/akfd-studio/
Alex Davis Studio,https://indiadesignid.com/id-exhibit/alex-davis-studio-2/
ALTROVE,https://indiadesignid.com/id-exhibit/altrove/
Anavila,https://indiadesignid.com/id-exhibit/anavila/
ANCA,https://indiadesignid.com/id-exhibit/anca-2/
andblack design studio,https://indiadesignid.com/id-exhibit/andblack-design-studio-2/
Apartment9,https://indiadesignid.com/id-exhibit/apartment9-3/
Apparao Galleries,https://indiadesignid.com/id-exhibit/apparao-galleries/
AREZZO AND NIRMAL’S,https://indiadesignid.com/id-exhibit/arezzo-and-nirmals/
arisaa,https://indiadesignid.com/id-exhibit/arisaa/
Aristo,https://indiadesignid.com/id-exhibit/aristo/
Art Attaichi,https://indiadesignid.com/id-exhibit/art-attaichi-2/
Art Explore,https://indiadesignid.com/id-exhibit/art-explore-2/
ARTE,https://indiadesignid.com/id-exhibit/arte/
Arte Di Lusso by Sources Unlimited,https://indiadesignid.com/id-exhibit/arte-di-lusso-by-sources-unlimited/
ARTE WALLCOVERINGS,https://indiadesignid.com/id-exhibit/arte-wallcoverings/
Artelore Living,https://indiadesignid.com/id-exhibit/artelore-living/
Artisanal Abode,https://indiadesignid.com/id-exhibit/artisanal-abode/
Atelier Ashiesh Shah,https://indiadesignid.com/id-exhibit/atelier-ashiesh-shah-2/
Atelier Bobby Aggarwal,https://indiadesignid.com/id-exhibit/atelier-bobby-aggarwal/
ATTITUDES – MASTERLY DRESSING SUITE,https://indiadesignid.com/id-exhibit/attitudes-masterly-dressing-suite/
Aux Deco,https://indiadesignid.com/id-exhibit/aux-deco/
Aux Home,https://indiadesignid.com/id-exhibit/aux-home/
AuxHome,https://indiadesignid.com/id-exhibit/auxhome/
BAAROQ,https://indiadesignid.com/id-exhibit/baaroq/
BAAROQ DESIGNS,https://indiadesignid.com/id-exhibit/baaroq-designs/
Baaya Design,https://indiadesignid.com/id-exhibit/baaya-design/
Bandana Jain,https://indiadesignid.com/id-exhibit/bandana-jain/
Bang & Olufsen,https://indiadesignid.com/id-exhibit/bang-olufsen/
Barsys,https://indiadesignid.com/id-exhibit/barsys/
Beautiful Homes with Asian Paints,https://indiadesignid.com/id-exhibit/beautiful-homes-with-asian-paints/
BenQ,https://indiadesignid.com/id-exhibit/benq/
BEYOND DESIGNS,https://indiadesignid.com/id-exhibit/beyond-designs-2/
Beyond Dreams,https://indiadesignid.com/id-exhibit/beyond-dreams-2/
BHARAT FLOORINGS & TILES,https://indiadesignid.com/id-exhibit/bharat-floorings-tiles-2/
Bird Fire & Watcon International,https://indiadesignid.com/id-exhibit/bird-fire-watcon-international/
Blanc White,https://indiadesignid.com/id-exhibit/blanc-white/
BoConcept,https://indiadesignid.com/id-exhibit/boconcept-4/
Bombay Design Lab,https://indiadesignid.com/id-exhibit/bombay-design-lab/
Bombay Design Lab (BDL),https://indiadesignid.com/id-exhibit/bombay-design-lab-bdl/
Bonnie & Saks,https://indiadesignid.com/id-exhibit/bonnie-saks-2/
Bridge Bharat,https://indiadesignid.com/id-exhibit/bridge-bharat/
BROMIC HEATING,https://indiadesignid.com/id-exhibit/bromic-heating/
C J Living,https://indiadesignid.com/id-exhibit/c-j-living/
C.Bhogilal West End,https://indiadesignid.com/id-exhibit/c-bhogilal-west-end/
C.Bhogilal West-End & C. Bhogilal Xclusive,https://indiadesignid.com/id-exhibit/c-bhogilal-west-end-c-bhogilal-xclusive/
Cane Concept & URRA DESIGN,https://indiadesignid.com/id-exhibit/cane-concept-urra-design/
Carysil,https://indiadesignid.com/id-exhibit/carysil/
Casegoods,https://indiadesignid.com/id-exhibit/casegoods/
CJ LIVING,https://indiadesignid.com/id-exhibit/cj-living/
CLEARTE,https://indiadesignid.com/id-exhibit/clearte/
CLEARTE – THE BESPOKE LIGHTING STUDIO,https://indiadesignid.com/id-exhibit/clearte-the-bespoke-lighting-studio/
CMYK Bookstore,https://indiadesignid.com/id-exhibit/cmyk-bookstore-2/
Cocoon Fine Rugs,https://indiadesignid.com/id-exhibit/cocoon-fine-rugs-3/
Cretekala Studio x The Raw Project,https://indiadesignid.com/id-exhibit/cretekala-studio/
CRIO,https://indiadesignid.com/id-exhibit/crio-2/
CUCINE LUBE by ETRELUXE India Pvt Ltd,https://indiadesignid.com/id-exhibit/cucine-lube-by-etreluxe-india-pvt-ltd-2/
Cultivate Art,https://indiadesignid.com/id-exhibit/cultivate-art/
Cyanique,https://indiadesignid.com/id-exhibit/cyanique/
Daum and Emery Studio,https://indiadesignid.com/id-exhibit/daum-and-emery-studio/
DEFA,https://indiadesignid.com/id-exhibit/defa/
DEFA LIGHTING SOLUTIONS PRIVATE LIMITED,https://indiadesignid.com/id-exhibit/defa-lighting-solutions-private-limited/
Delta Faucet,https://indiadesignid.com/id-exhibit/delta-faucet-3/
Delta in partnership with DEFA,https://indiadesignid.com/id-exhibit/delta-in-partnership-with-defa/
DELTALIGHT,https://indiadesignid.com/id-exhibit/deltalight/
DeMuro Das,https://indiadesignid.com/id-exhibit/demuro-das-2/
Design ni Dukaan,https://indiadesignid.com/id-exhibit/design-ni-dukaan-2/
Dimensions X Karan Desai Home,https://indiadesignid.com/id-exhibit/dimensions-x-karan-desai-home/
DIVIANA,https://indiadesignid.com/id-exhibit/diviana/
Drapesy x Arte,https://indiadesignid.com/id-exhibit/drapesy-x-arte/
Dtale,https://indiadesignid.com/id-exhibit/dtale/
EarthGarden,https://indiadesignid.com/id-exhibit/earthgarden/
Eikowa Studio,https://indiadesignid.com/id-exhibit/eikowa-studio-2/
Eitri,https://indiadesignid.com/id-exhibit/eitri/
Ek Design,https://indiadesignid.com/id-exhibit/ek-design/
Ek Kalakaar Designs,https://indiadesignid.com/id-exhibit/ek-kalakaar-designs/
Elan,https://indiadesignid.com/id-exhibit/elan/
Elementto Wallpaper & Fabric,https://indiadesignid.com/id-exhibit/elementto-wallpaper-fabric/
Elementto wallpaper and fabric,https://indiadesignid.com/id-exhibit/elementto-wallpaper-and-fabric/
Elite Building Materials Pvt. Ltd,https://indiadesignid.com/id-exhibit/elite-building-materials-pvt-ltd/
ELITE BUILDING MATERIALS X TABU SPA,https://indiadesignid.com/id-exhibit/elite-building-materials/
Emery Studio,https://indiadesignid.com/id-exhibit/emery-studio/
ERP Design Studio,https://indiadesignid.com/id-exhibit/erp-design-studio/
Escape by Creatomy,https://indiadesignid.com/id-exhibit/escape-by-creatomy/
Espravo,https://indiadesignid.com/id-exhibit/espravo-2/
Essentia Home,https://indiadesignid.com/id-exhibit/essentia-home/
ESVEE ATELIER,https://indiadesignid.com/id-exhibit/esvee-atelier/
Evokar,https://indiadesignid.com/id-exhibit/evokar-2/
Exhibit 320,https://indiadesignid.com/id-exhibit/exhibit-320/
FA HOME,https://indiadesignid.com/id-exhibit/fa-home-2/
Faaya Focus,https://indiadesignid.com/id-exhibit/faaya-gifting/
FabriCare by D’Decor,https://indiadesignid.com/id-exhibit/fabricare-by-ddecor-3/
FAZO PROJECT,https://indiadesignid.com/id-exhibit/fazo-project-2/
Febal Casa,https://indiadesignid.com/id-exhibit/febal-casa/
Fima Carlo Frattini,https://indiadesignid.com/id-exhibit/fima-carlo-frattini/
FORMFORGE,https://indiadesignid.com/id-exhibit/formforge-2/
Freedom Tree Design Studio,https://indiadesignid.com/id-exhibit/freedom-tree-design-studio/
FUTURA X Sans Souci,https://indiadesignid.com/id-exhibit/futura-x-sans-souci/
Gallery Art Positive,https://indiadesignid.com/id-exhibit/gallery-art-positive-4/
Glass Forest,https://indiadesignid.com/id-exhibit/glass-forest-2/
Godrej Interio,https://indiadesignid.com/id-exhibit/godrej-interio/
GUBI,https://indiadesignid.com/id-exhibit/gubi/
GUBI by The Design Hus,https://indiadesignid.com/id-exhibit/gubi-by-the-design-hus/
Gufram,https://indiadesignid.com/id-exhibit/gufram/
GULMOHAR LANE,https://indiadesignid.com/id-exhibit/gulmohar-lane/
"Hacker Kitchen, RESYDE",https://indiadesignid.com/id-exhibit/hacker-kitchen/
Hands,https://indiadesignid.com/id-exhibit/hands-2/
Hands & Minds,https://indiadesignid.com/id-exhibit/hands-minds-2/
Harshita Jhamtani Designs,https://indiadesignid.com/id-exhibit/harshita-jhamtani-designs/
Haruma,https://indiadesignid.com/id-exhibit/haruma/
Hästens,https://indiadesignid.com/id-exhibit/hastens/
HÄSTENS by AVIT,https://indiadesignid.com/id-exhibit/hastens-by-avit/
Hatsu,https://indiadesignid.com/id-exhibit/hatsu-2/
Hearty Muse Atelier,https://indiadesignid.com/id-exhibit/hearty-muse-atelier/
HOME ET TU,https://indiadesignid.com/id-exhibit/home-et-tu-2/
Home of Chirmi,https://indiadesignid.com/id-exhibit/home-of-chirmi/
House of Edwa,https://indiadesignid.com/id-exhibit/house-of-edwa/
House of Katachi,https://indiadesignid.com/id-exhibit/house-of-katachi/
HOUSE OF KNOTS,https://indiadesignid.com/id-exhibit/house-of-knots/
House Of Piranesi,https://indiadesignid.com/id-exhibit/house-of-piranesi/
Ikai Asai,https://indiadesignid.com/id-exhibit/ikai-asai-3/
India Circus By Krsnaa Mehta A Godrej Enterprises Brand,https://indiadesignid.com/id-exhibit/india-circus-by-krsnaa-mehta-a-godrej-enterprises-brand/
Indie Eye Home,https://indiadesignid.com/id-exhibit/indie-eye-home/
Innovative Design Studio,https://indiadesignid.com/id-exhibit/innovative-design-studio-2/
Innovative Design Studio x Elite Bohemia,https://indiadesignid.com/id-exhibit/innovative-design-studio-x-elite-bohemia/
INV STUDIO,https://indiadesignid.com/id-exhibit/inv-studio/
Istituto Marangioni,https://indiadesignid.com/id-exhibit/istituto-marangioni/
Istituto Marangoni,https://indiadesignid.com/id-exhibit/istituto-marangoni-2/
JAGDISH SUTAR,https://indiadesignid.com/id-exhibit/jagdish-sutar/
Jaipur Rugs,https://indiadesignid.com/id-exhibit/jaipur-rugs-3/
Janavi,https://indiadesignid.com/id-exhibit/janavi/
Janavi India,https://indiadesignid.com/id-exhibit/janavi-india/
Karan Desai Home,https://indiadesignid.com/id-exhibit/karan-desai-home/
Karan Desai x Foremost Marble,https://indiadesignid.com/id-exhibit/karan-desai-x-foremost-marble/
klove & collektklove,https://indiadesignid.com/id-exhibit/klove-studio/
KOHELIKA KOHLI DESIGN,https://indiadesignid.com/id-exhibit/kohelika-kohli-design/
Kohler,https://indiadesignid.com/id-exhibit/kohler-2/
Koko by K2 India,https://indiadesignid.com/id-exhibit/koko-by-k2/
KOKO by K2India,https://indiadesignid.com/id-exhibit/koko-by-k2india/
KOY by KUNAAL KYHAAN SEOLEKAR,https://indiadesignid.com/id-exhibit/koy-by-kunaal-kyhaan-seolekar/
KREA,https://indiadesignid.com/id-exhibit/krea-2/
Kuche7,https://indiadesignid.com/id-exhibit/kuche7-2/
Kunal Maniar and Associates,https://indiadesignid.com/id-exhibit/kunal-maniar-and-associates-2/
KYNKYNY Art Gallery,https://indiadesignid.com/id-exhibit/kynkyny-art-gallery/
LA Cornue,https://indiadesignid.com/id-exhibit/la-cornue/
Lako Lako,https://indiadesignid.com/id-exhibit/lako-lako/
LALIQUE,https://indiadesignid.com/id-exhibit/lalique/
LATITUDE 28,https://indiadesignid.com/id-exhibit/latitude-28/
Leidenschaft,https://indiadesignid.com/id-exhibit/leidenschaft/
LENGTH BREADTH HEIGHT,https://indiadesignid.com/id-exhibit/length-breadth-height-2/
length breadth height & CRIO,https://indiadesignid.com/id-exhibit/length-breadth-height/
Life n Colors & Prasanaakshi,https://indiadesignid.com/id-exhibit/life-n-colors-prasanaakshi/
Ligne Roset,https://indiadesignid.com/id-exhibit/ligne-roset-2/
Ligne Roset India,https://indiadesignid.com/id-exhibit/ligne-roset-india-2/
Lila,https://indiadesignid.com/id-exhibit/lila/
Lladró,https://indiadesignid.com/id-exhibit/lladro-3/
Lladró,https://indiadesignid.com/id-exhibit/lladro/
LONDON ART X SOFTLITE,https://indiadesignid.com/id-exhibit/london-art-x-softlite/
LumeHaus,https://indiadesignid.com/id-exhibit/lumehaus/
Lutron,https://indiadesignid.com/id-exhibit/lutron/
Lutron Electronics,https://indiadesignid.com/id-exhibit/lutron-electronics/
Luxaddi,https://indiadesignid.com/id-exhibit/luxaddi-2/
Madras Makers,https://indiadesignid.com/id-exhibit/madras-makers-2/
MADRAS MAKERS (since 2013),https://indiadesignid.com/id-exhibit/madras-makers-since-2013/
MAGARI Furniture,https://indiadesignid.com/id-exhibit/magari-furniture/
Magniflex,https://indiadesignid.com/id-exhibit/magniflex-2/
Magppie,https://indiadesignid.com/id-exhibit/magppie/
Maison Du Luxe,https://indiadesignid.com/id-exhibit/maison-du-luxe/
Maison Sia,https://indiadesignid.com/id-exhibit/maison-sia/
Makaan,https://indiadesignid.com/id-exhibit/makaan/
Mana Collective,https://indiadesignid.com/id-exhibit/mana-collective/
Mangrove Collective,https://indiadesignid.com/id-exhibit/mangrove-collective-2/
MANUHITA,https://indiadesignid.com/id-exhibit/manuhita/
Masha Art,https://indiadesignid.com/id-exhibit/masha-art-2/
Material Immaterial Studio,https://indiadesignid.com/id-exhibit/material-immaterial/
MeMeraki,https://indiadesignid.com/id-exhibit/memeraki-2/
Memuraa,https://indiadesignid.com/id-exhibit/memuraa/
Mi ikigai by Uurmi Bhatia,https://indiadesignid.com/id-exhibit/mi-ikigai-by-uurmi-bhatia/
Mikasa Floors & Doors,https://indiadesignid.com/id-exhibit/mikasa-floors/
Milaaya Interiors,https://indiadesignid.com/id-exhibit/milaaya-interiors/
Mixx Doors,https://indiadesignid.com/id-exhibit/mixx-doors-2/
Mohh,https://indiadesignid.com/id-exhibit/mohh/
Morii Design,https://indiadesignid.com/id-exhibit/morii-design/
Mukul Goyal Designs,https://indiadesignid.com/id-exhibit/mukul-goyal-designs/
MuseMART,https://indiadesignid.com/id-exhibit/musemart/
Nama Home,https://indiadesignid.com/id-exhibit/nama-home-2/
Nathalie Borderie,https://indiadesignid.com/id-exhibit/nathalie-borderie/
NATUZZI ITALIA,https://indiadesignid.com/id-exhibit/natuzzi-italia-2/
NAYAB by TRADITIONAL HANDICRAFTS CENTRE,https://indiadesignid.com/id-exhibit/nayab-by-traditional-handicrafts-centre/
Nexion,https://indiadesignid.com/id-exhibit/nexion-nexion-surfaces-private-limited-2/
Nexion (Nexion Surfaces Private Limited),https://indiadesignid.com/id-exhibit/nexion-nexion-surfaces-private-limited/
Neytt,https://indiadesignid.com/id-exhibit/neytt-by-extraweave/
Neytt Homes,https://indiadesignid.com/id-exhibit/neytt-homes/
Nitush & Aroosh,https://indiadesignid.com/id-exhibit/nitush-aroosh/
Nitush-Aroosh,https://indiadesignid.com/id-exhibit/nitush-aroosh-3/
Nivasa,https://indiadesignid.com/id-exhibit/nivasa-5/
Objectry,https://indiadesignid.com/id-exhibit/objectry-3/
Objects In Space,https://indiadesignid.com/id-exhibit/objects-in-space/
OBJETTO,https://indiadesignid.com/id-exhibit/objetto/
Ochre At Home,https://indiadesignid.com/id-exhibit/ochre-at-home/
Ojas Art,https://indiadesignid.com/id-exhibit/ojas-art/
OLIE,https://indiadesignid.com/id-exhibit/olie/
One O One Studios,https://indiadesignid.com/id-exhibit/one-o-one-studios-3/
Onedot6,https://indiadesignid.com/id-exhibit/onedot6/
Onset Homes,https://indiadesignid.com/id-exhibit/onset-homes/
OORJAA,https://indiadesignid.com/id-exhibit/oorjaa/
Oorjaa Design,https://indiadesignid.com/id-exhibit/oorjaa-design/
ORI Folded Dreams,https://indiadesignid.com/id-exhibit/ori-folded-dreams/
Orikrit,https://indiadesignid.com/id-exhibit/orikrit-3/
Orvi,https://indiadesignid.com/id-exhibit/orvi-3/
Ozone,https://indiadesignid.com/id-exhibit/ozone/
Ozone Overseas,https://indiadesignid.com/id-exhibit/ozone-overseas-pvt-ltd/
P.O.D Pieces Of Desire,https://indiadesignid.com/id-exhibit/pieces-of-desire-pod/
Padme Hum Studio India,https://indiadesignid.com/id-exhibit/padme-hum-studio-india/
Panasonic L-CLASS Kitchen,https://indiadesignid.com/id-exhibit/panasonic-l-class-kitchen/
Panasonic L-Class Kitchens,https://indiadesignid.com/id-exhibit/panasonic-l-class-kitchens/
Panasonic Life Solutions India Pvt. Ltd.,https://indiadesignid.com/id-exhibit/panasonic-life-solutions-india-pvt-ltd/
Parākāshthā,https://indiadesignid.com/id-exhibit/parakashtha-2/
Parman Designs,https://indiadesignid.com/id-exhibit/parman-designs-3/
Pasana,https://indiadesignid.com/id-exhibit/pasana/
Peacock Life by Shabnam Gupta,https://indiadesignid.com/id-exhibit/peacock-life-by-shabnam-gupta-2/
Perennials,https://indiadesignid.com/id-exhibit/perennials-2/
Perennials and Sutherland,https://indiadesignid.com/id-exhibit/perennials-and-sutherland/
Pieces of Desire (P.O.D),https://indiadesignid.com/id-exhibit/pieces-of-desire-p-o-d/
Pinakin,https://indiadesignid.com/id-exhibit/pinakin/
Pinakin Studio,https://indiadesignid.com/id-exhibit/pinakin-studio/
Pllum Legno,https://indiadesignid.com/id-exhibit/pllum-legno-2/
Plüsch,https://indiadesignid.com/id-exhibit/plusch/
Pocho Living,https://indiadesignid.com/id-exhibit/pocho-living-3/
Poliform Mumbai,https://indiadesignid.com/id-exhibit/poliform-mumbai/
Popcorn Atelier,https://indiadesignid.com/id-exhibit/popcorn-atelier/
PortsideCafe Furniture Studio,https://indiadesignid.com/id-exhibit/portsidecafe-furniture-studio-4/
PortsideCafé Furniture Studio,https://indiadesignid.com/id-exhibit/portsidecafe-furniture-studio-3/
Project 810,https://indiadesignid.com/id-exhibit/project-810/
Quattrefoil,https://indiadesignid.com/id-exhibit/quattrefoil-2/
Quba Homes,https://indiadesignid.com/id-exhibit/quba-homes-2/
Raseel at Casa Pop,https://indiadesignid.com/id-exhibit/casa-pop/
Ravi Vazirani Design Studio,https://indiadesignid.com/id-exhibit/ravi-vazirani-design-studio-2/
Ravish Vohra Home,https://indiadesignid.com/id-exhibit/ravish-vohra-home/
RAVOH,https://indiadesignid.com/id-exhibit/ravoh/
red blue & yellow,https://indiadesignid.com/id-exhibit/red-blue-yellow/
Rhea Mehta Design,https://indiadesignid.com/id-exhibit/rhea-mehta-design/
Rhizome,https://indiadesignid.com/id-exhibit/rhizome/
RITZLANE,https://indiadesignid.com/id-exhibit/ritzlane/
Ronak Hingarh Design Studio,https://indiadesignid.com/id-exhibit/ronak-hingarh-design-studio/
Rooshad Shroff,https://indiadesignid.com/id-exhibit/rooshad-shroff-2/
Rosabagh,https://indiadesignid.com/id-exhibit/rosabagh/
RR DECOR PVT LTD,https://indiadesignid.com/id-exhibit/r-r-decor-pvt-ltd/
Saijal Goenka,https://indiadesignid.com/id-exhibit/saijal-goenka-2/
Saint Louis by Emery Studio,https://indiadesignid.com/id-exhibit/saint-louis-by-emery-studio/
Sanjay Puri Architects,https://indiadesignid.com/id-exhibit/sanjay-puri-architects/
Sansaar – A D’decor brand,https://indiadesignid.com/id-exhibit/sansaar-a-ddecor-brand-2/
Sansaar A D’Décor brand,https://indiadesignid.com/id-exhibit/sansaar-a-ddecor-brand/
Sarita Handa,https://indiadesignid.com/id-exhibit/sarita-handa-3/
Scarlet Splendour,https://indiadesignid.com/id-exhibit/scarlet-splendour-2/
Scavolini,https://indiadesignid.com/id-exhibit/scavolini-2/
SCHULLER BY RR LIVING,https://indiadesignid.com/id-exhibit/schuller-kuchen-furs-leben/
Sereno,https://indiadesignid.com/id-exhibit/sereno-2/
SG Corporation,https://indiadesignid.com/id-exhibit/andrew-martin-fabricut-fabric-art/
"SG Corporation – Fabric Art, Andrew Martin, Fabricut",https://indiadesignid.com/id-exhibit/sg-corporation-fabric-art-andrew-martin-fabricut/
Shailesh Rajput Studio,https://indiadesignid.com/id-exhibit/shailesh-rajput-studio/
Sita Nanda,https://indiadesignid.com/id-exhibit/sita-nanda/
Sita Nanda for Theodore Alexander,https://indiadesignid.com/id-exhibit/sita-nanda-for-theodore-alexander/
SMEG,https://indiadesignid.com/id-exhibit/smeg/
SOGANI by Vibhor Sogani,https://indiadesignid.com/id-exhibit/sogani-by-vibhor-sogani/
SOKKA,https://indiadesignid.com/id-exhibit/sokka-tableware/
SONOS,https://indiadesignid.com/id-exhibit/sonos/
Sources Unlimited,https://indiadesignid.com/id-exhibit/sources-unlimited-2/
St.Louis By Emery Studio,https://indiadesignid.com/id-exhibit/st-louis-by-emery-studio/
Stanley Level Next,https://indiadesignid.com/id-exhibit/stanley-level-next/
Stanley Lifestyle,https://indiadesignid.com/id-exhibit/stanley-lifestyle/
Stax Living,https://indiadesignid.com/id-exhibit/stax-living-2/
Stem,https://indiadesignid.com/id-exhibit/stem/
Sternhagen,https://indiadesignid.com/id-exhibit/sternhagen/
Stone Art,https://indiadesignid.com/id-exhibit/stone-art-2/
Studio ABACA,https://indiadesignid.com/id-exhibit/studio-abaca/
Studio By Agni,https://indiadesignid.com/id-exhibit/studio-by-agni-2/
Studio Indigene,https://indiadesignid.com/id-exhibit/studio-indigene-2/
Studio Medium,https://indiadesignid.com/id-exhibit/studio-medium/
STUDIO METALLURGY,https://indiadesignid.com/id-exhibit/studio-metallurgy/
STUDIOWORKS,https://indiadesignid.com/id-exhibit/studioworks-2/
Sunday Design,https://indiadesignid.com/id-exhibit/sunday-design/
Sunday Design by Coast to Coast,https://indiadesignid.com/id-exhibit/sunday-design-by-coast-to-coast/
Sunil Sethi Design Alliance,https://indiadesignid.com/id-exhibit/sunil-sethi-design-alliance/
Sunroof,https://indiadesignid.com/id-exhibit/sunroof/
SUNROOOF,https://indiadesignid.com/id-exhibit/sunrooof-2/
TAHIR SULTAN,https://indiadesignid.com/id-exhibit/tahir-sultan/
Takshni,https://indiadesignid.com/id-exhibit/takshni-3/
Taro Collective,https://indiadesignid.com/id-exhibit/taro-collective/
Tarocollective,https://indiadesignid.com/id-exhibit/tarocollective/
Tarun Tahiliani Design Studio,https://indiadesignid.com/id-exhibit/tarun-tahiliani-design-studio/
TECHNOGYM,https://indiadesignid.com/id-exhibit/technogym-2/
Tectona Grandis Furniture,https://indiadesignid.com/id-exhibit/tectona-grandis-furniture-2/
Temple Town,https://indiadesignid.com/id-exhibit/temple-town/
Temple Town by Meera Pyarelal,https://indiadesignid.com/id-exhibit/temple-town-by-meera-pyarelal/
The Baby Atelier,https://indiadesignid.com/id-exhibit/the-baby-atelier/
The Carpet Cellar,https://indiadesignid.com/id-exhibit/the-carpet-cellar-3/
The Colosseum,https://indiadesignid.com/id-exhibit/the-colosseum/
The Design Concierge,https://indiadesignid.com/id-exhibit/the-design-concierge/
THE DESIGNERA,https://indiadesignid.com/id-exhibit/the-designera/
The Garden Room,https://indiadesignid.com/id-exhibit/the-garden-room/
THE Park Hotels,https://indiadesignid.com/id-exhibit/the-park-hotels/
THE PURE CONCEPT HOME,https://indiadesignid.com/id-exhibit/the-pure-concept-home-2/
The Vernacular Modern,https://indiadesignid.com/id-exhibit/the-vernacular-modern-2/
The Wicker Story,https://indiadesignid.com/id-exhibit/the-wicker-story-2/
This and That,https://indiadesignid.com/id-exhibit/this-and-that/
thisandthat X Boito,https://indiadesignid.com/id-exhibit/thisandthat-x-boito/
THREE SIXTY,https://indiadesignid.com/id-exhibit/three-sixty/
Tulio,https://indiadesignid.com/id-exhibit/tulio-2/
turii,https://indiadesignid.com/id-exhibit/turii-interiors/
UDC HOMES,https://indiadesignid.com/id-exhibit/udc-homes-2/
Vadehra Art Gallery,https://indiadesignid.com/id-exhibit/vadehra-art-gallery/
VAHE ENSEMBLE,https://indiadesignid.com/id-exhibit/vahe-ensemble-3/
Vāhe Ensemble,https://indiadesignid.com/id-exhibit/vahe-ensemble-2/
Vakr Studio,https://indiadesignid.com/id-exhibit/vakr-studio-2/
VEAVES,https://indiadesignid.com/id-exhibit/veaves/
Villa Swagatam x Marisol,https://indiadesignid.com/id-exhibit/villa-swagatam-x-marisol/
VINSHEK,https://indiadesignid.com/id-exhibit/vinshek-2/
Vispring Luxury Beds London 1901,https://indiadesignid.com/id-exhibit/vispring-luxury-beds-london-1901-3/
VITA MODERNA,https://indiadesignid.com/id-exhibit/vita-moderna-2/
VitrA,https://indiadesignid.com/id-exhibit/vitra/
VIYA,https://indiadesignid.com/id-exhibit/viya-2/
VOX India,https://indiadesignid.com/id-exhibit/vox-india/
vVyom By Shuchita,https://indiadesignid.com/id-exhibit/vvyom-by-shuchita-2/
Waddle & Roo,https://indiadesignid.com/id-exhibit/waddle-roo/
Waddle & Roo Kid-Friendly Furniture,https://indiadesignid.com/id-exhibit/waddle-roo-kid-friendly-furniture/
Wādi,https://indiadesignid.com/id-exhibit/wadi/
WALTZ by JB Glass,https://indiadesignid.com/id-exhibit/waltz-by-jb-glass/
Watcon Outdoor & Bird Fire,https://indiadesignid.com/id-exhibit/watcon-outdoor-bird-fire/
WaterRower | Nohrd,https://indiadesignid.com/id-exhibit/waterrower-nohrd/
Waterways,https://indiadesignid.com/id-exhibit/waterways-2/
Weave Craft,https://indiadesignid.com/id-exhibit/weave-craft-2/
WILLOW VIIEW,https://indiadesignid.com/id-exhibit/willow-viiew/
WINDOW PASSIONS,https://indiadesignid.com/id-exhibit/window-passions-2/
WINDOW PASSIONS INDIA PVT. LTD.,https://indiadesignid.com/id-exhibit/window-passions-india-pvt-ltd/
WITHIN,https://indiadesignid.com/id-exhibit/within-2/
World Bazaar,https://indiadesignid.com/id-exhibit/world-bazaar-2/
World Of Outdoors,https://indiadesignid.com/id-exhibit/world-of-outdoors-2/
Wriver,https://indiadesignid.com/id-exhibit/wriver-3/
Yaahvi by Nikita Bansal,https://indiadesignid.com/id-exhibit/yaahvi-by-nikita-bansal/
Young Collectors Weekend Global by Cultivate Art,https://indiadesignid.com/id-exhibit/young-collectors-weekend-global-by-cultivate-art/
Young Collectors’ Weekend Global Design,https://indiadesignid.com/id-exhibit/young-collectors-weekend-global-design/
Ziba Homes,https://indiadesignid.com/id-exhibit/ziba-homes/
FabriCare™ by D’Decor,https://indiadesignid.com/id-exhibit/fabricare-by-ddecor/
VISPRING LUXURY BEDS- LONDON 1901,https://indiadesignid.com/id-exhibit/vispring-luxury-beds-london-1901/
