brand,domain,profile_url
47-A,googletagmanager.com,https://indiadesignid.com/id-exhibit/47-a/
A-Class Marble,aclassmarble.co.in,https://indiadesignid.com/id-exhibit/a-class-marble-2/
AADYAM HANDWOVEN – AN ADITYA BIRLA INITIATIVE,handwoven.aadyam.co.in,https://indiadesignid.com/id-exhibit/aadyam-handwoven-an-aditya-birla-initiative/
ABACA,abaca.in,https://indiadesignid.com/id-exhibit/abaca/
Abner,abnerlighting.com,https://indiadesignid.com/id-exhibit/abner/
ABSTRAC HOME,googletagmanager.com,https://indiadesignid.com/id-exhibit/abstrac-home/
AKFD and Anantaya,akfdstudio.com,https://indiadesignid.com/id-exhibit/akfd-and-anantaya/
AKFD Studio,akfdstudio.com,https://indiadesignid.com/id-exhibit/akfd-studio/
Alex Davis Studio,googletagmanager.com,https://indiadesignid.com/id-exhibit/alex-davis-studio-2/
ALTROVE,altrove.in,https://indiadesignid.com/id-exhibit/altrove/
Anavila,anavila.com,https://indiadesignid.com/id-exhibit/anavila/
ANCA,anca-1985.com,https://indiadesignid.com/id-exhibit/anca-2/
andblack design studio,googletagmanager.com,https://indiadesignid.com/id-exhibit/andblack-design-studio-2/
Apartment9,apartment9.in,https://indiadesignid.com/id-exhibit/apartment9-3/
Apparao Galleries,,https://indiadesignid.com/id-exhibit/apparao-galleries/
AREZZO AND NIRMAL’S,googletagmanager.com,https://indiadesignid.com/id-exhibit/arezzo-and-nirmals/
arisaa,arisaa.com,https://indiadesignid.com/id-exhibit/arisaa/
Aristo,aristo-india.com,https://indiadesignid.com/id-exhibit/aristo/
Art Attaichi,artattaichi.com,https://indiadesignid.com/id-exhibit/art-attaichi-2/
Art Explore,artexplore.in,https://indiadesignid.com/id-exhibit/art-explore-2/
ARTE,arte-international.com,https://indiadesignid.com/id-exhibit/arte/
Arte Di Lusso by Sources Unlimited,googletagmanager.com,https://indiadesignid.com/id-exhibit/arte-di-lusso-by-sources-unlimited/
ARTE WALLCOVERINGS,arte-international.com,https://indiadesignid.com/id-exhibit/arte-wallcoverings/
Artelore Living,arteloreliving.com,https://indiadesignid.com/id-exhibit/artelore-living/
Artisanal Abode,googletagmanager.com,https://indiadesignid.com/id-exhibit/artisanal-abode/
Atelier Ashiesh Shah,atelierashieshshah.com,https://indiadesignid.com/id-exhibit/atelier-ashiesh-shah-2/
Atelier Bobby Aggarwal,portsidecafeshop.com,https://indiadesignid.com/id-exhibit/atelier-bobby-aggarwal/
ATTITUDES – MASTERLY DRESSING SUITE,googletagmanager.com,https://indiadesignid.com/id-exhibit/attitudes-masterly-dressing-suite/
Aux Deco,auxhome.in,https://indiadesignid.com/id-exhibit/aux-deco/
Aux Home,,https://indiadesignid.com/id-exhibit/aux-home/
AuxHome,auxhome.in,https://indiadesignid.com/id-exhibit/auxhome/
BAAROQ,baaroq.com,https://indiadesignid.com/id-exhibit/baaroq/
BAAROQ DESIGNS,fireplaces.baaroq.com,https://indiadesignid.com/id-exhibit/baaroq-designs/
Baaya Design,baayadesign.com,https://indiadesignid.com/id-exhibit/baaya-design/
Bandana Jain,googletagmanager.com,https://indiadesignid.com/id-exhibit/bandana-jain/
Bang & Olufsen,bang-olufsen.com,https://indiadesignid.com/id-exhibit/bang-olufsen/
Barsys,barsys.com,https://indiadesignid.com/id-exhibit/barsys/
Beautiful Homes with Asian Paints,beautifulhomes.asianpaints.com,https://indiadesignid.com/id-exhibit/beautiful-homes-with-asian-paints/
BenQ,benq.com,https://indiadesignid.com/id-exhibit/benq/
BEYOND DESIGNS,googletagmanager.com,https://indiadesignid.com/id-exhibit/beyond-designs-2/
Beyond Dreams,,https://indiadesignid.com/id-exhibit/beyond-dreams-2/
BHARAT FLOORINGS & TILES,bharatfloorings.com,https://indiadesignid.com/id-exhibit/bharat-floorings-tiles-2/
Bird Fire & Watcon International,watcon.co.in,https://indiadesignid.com/id-exhibit/bird-fire-watcon-international/
Blanc White,googletagmanager.com,https://indiadesignid.com/id-exhibit/blanc-white/
BoConcept,boconcept.com,https://indiadesignid.com/id-exhibit/boconcept-4/
Bombay Design Lab,,https://indiadesignid.com/id-exhibit/bombay-design-lab/
Bombay Design Lab (BDL),googletagmanager.com,https://indiadesignid.com/id-exhibit/bombay-design-lab-bdl/
Bonnie & Saks,googletagmanager.com,https://indiadesignid.com/id-exhibit/bonnie-saks-2/
Bridge Bharat,bridgebharat.com,https://indiadesignid.com/id-exhibit/bridge-bharat/
BROMIC HEATING,bromic.com,https://indiadesignid.com/id-exhibit/bromic-heating/
C J Living,cjliving.in,https://indiadesignid.com/id-exhibit/c-j-living/
C.Bhogilal West End,cbwestend.com,https://indiadesignid.com/id-exhibit/c-bhogilal-west-end/
C.Bhogilal West-End & C. Bhogilal Xclusive,cbwestend.com,https://indiadesignid.com/id-exhibit/c-bhogilal-west-end-c-bhogilal-xclusive/
Cane Concept & URRA DESIGN,caneconcept.com,https://indiadesignid.com/id-exhibit/cane-concept-urra-design/
Carysil,carysil.com,https://indiadesignid.com/id-exhibit/carysil/
Casegoods,casegoods.in,https://indiadesignid.com/id-exhibit/casegoods/
CJ LIVING,cjliving.in,https://indiadesignid.com/id-exhibit/cj-living/
CLEARTE,clearte.com,https://indiadesignid.com/id-exhibit/clearte/
CLEARTE – THE BESPOKE LIGHTING STUDIO,clearte.com,https://indiadesignid.com/id-exhibit/clearte-the-bespoke-lighting-studio/
CMYK Bookstore,cmykbookstore.com,https://indiadesignid.com/id-exhibit/cmyk-bookstore-2/
Cocoon Fine Rugs,googletagmanager.com,https://indiadesignid.com/id-exhibit/cocoon-fine-rugs-3/
Cretekala Studio x The Raw Project,cretekala.com,https://indiadesignid.com/id-exhibit/cretekala-studio/
CRIO,googletagmanager.com,https://indiadesignid.com/id-exhibit/crio-2/
CUCINE LUBE by ETRELUXE India Pvt Ltd,,https://indiadesignid.com/id-exhibit/cucine-lube-by-etreluxe-india-pvt-ltd-2/
Cultivate Art,cultivateart.in,https://indiadesignid.com/id-exhibit/cultivate-art/
Cyanique,cyanique.com,https://indiadesignid.com/id-exhibit/cyanique/
Daum and Emery Studio,googletagmanager.com,https://indiadesignid.com/id-exhibit/daum-and-emery-studio/
DEFA,thedefa.com,https://indiadesignid.com/id-exhibit/defa/
DEFA LIGHTING SOLUTIONS PRIVATE LIMITED,thedefa.com,https://indiadesignid.com/id-exhibit/defa-lighting-solutions-private-limited/
Delta Faucet,deltafaucet.in,https://indiadesignid.com/id-exhibit/delta-faucet-3/
Delta in partnership with DEFA,deltalight.com,https://indiadesignid.com/id-exhibit/delta-in-partnership-with-defa/
DELTALIGHT,deltalight.com,https://indiadesignid.com/id-exhibit/deltalight/
DeMuro Das,demurodas.com,https://indiadesignid.com/id-exhibit/demuro-das-2/
Design ni Dukaan,designnidukaan.com,https://indiadesignid.com/id-exhibit/design-ni-dukaan-2/
Dimensions X Karan Desai Home,dimensionsfurniture.in,https://indiadesignid.com/id-exhibit/dimensions-x-karan-desai-home/
DIVIANA,,https://indiadesignid.com/id-exhibit/diviana/
Drapesy x Arte,drapesy.com,https://indiadesignid.com/id-exhibit/drapesy-x-arte/
Dtale,dtalemodern.com,https://indiadesignid.com/id-exhibit/dtale/
EarthGarden,earthgarden.in,https://indiadesignid.com/id-exhibit/earthgarden/
Eikowa Studio,googletagmanager.com,https://indiadesignid.com/id-exhibit/eikowa-studio-2/
Eitri,eitri.co,https://indiadesignid.com/id-exhibit/eitri/
Ek Design,ekdesign.in,https://indiadesignid.com/id-exhibit/ek-design/
Ek Kalakaar Designs,ekkalakaar.com,https://indiadesignid.com/id-exhibit/ek-kalakaar-designs/
Elan,livingwithelan.co,https://indiadesignid.com/id-exhibit/elan/
Elementto Wallpaper & Fabric,elementto.in,https://indiadesignid.com/id-exhibit/elementto-wallpaper-fabric/
Elementto wallpaper and fabric,elementto.in,https://indiadesignid.com/id-exhibit/elementto-wallpaper-and-fabric/
Elite Building Materials Pvt. Ltd,elitematerials.in,https://indiadesignid.com/id-exhibit/elite-building-materials-pvt-ltd/
ELITE BUILDING MATERIALS X TABU SPA,elitematerials.in,https://indiadesignid.com/id-exhibit/elite-building-materials/
Emery Studio,,https://indiadesignid.com/id-exhibit/emery-studio/
ERP Design Studio,erpdesignstudio.com,https://indiadesignid.com/id-exhibit/erp-design-studio/
Escape by Creatomy,escapebycreatomy.com,https://indiadesignid.com/id-exhibit/escape-by-creatomy/
Espravo,espravo.com,https://indiadesignid.com/id-exhibit/espravo-2/
Essentia Home,essentia.in,https://indiadesignid.com/id-exhibit/essentia-home/
ESVEE ATELIER,esveeatelier.com,https://indiadesignid.com/id-exhibit/esvee-atelier/
Evokar,,https://indiadesignid.com/id-exhibit/evokar-2/
Exhibit 320,googletagmanager.com,https://indiadesignid.com/id-exhibit/exhibit-320/
FA HOME,shopfahome.com,https://indiadesignid.com/id-exhibit/fa-home-2/
Faaya Focus,faayagifting.com,https://indiadesignid.com/id-exhibit/faaya-gifting/
FabriCare by D’Decor,fabricare.ddecor.com,https://indiadesignid.com/id-exhibit/fabricare-by-ddecor-3/
FAZO PROJECT,fazoproject.com,https://indiadesignid.com/id-exhibit/fazo-project-2/
Febal Casa,febalcasa.com,https://indiadesignid.com/id-exhibit/febal-casa/
Fima Carlo Frattini,fimacf.in,https://indiadesignid.com/id-exhibit/fima-carlo-frattini/
FORMFORGE,formforge.com,https://indiadesignid.com/id-exhibit/formforge-2/
Freedom Tree Design Studio,freedomtree.in,https://indiadesignid.com/id-exhibit/freedom-tree-design-studio/
FUTURA X Sans Souci,futuralights.com,https://indiadesignid.com/id-exhibit/futura-x-sans-souci/
Gallery Art Positive,galleryartpositive.com,https://indiadesignid.com/id-exhibit/gallery-art-positive-4/
Glass Forest,glass-forest.com,https://indiadesignid.com/id-exhibit/glass-forest-2/
Godrej Interio,godrejinterio.com,https://indiadesignid.com/id-exhibit/godrej-interio/
GUBI,,https://indiadesignid.com/id-exhibit/gubi/
GUBI by The Design Hus,,https://indiadesignid.com/id-exhibit/gubi-by-the-design-hus/
Gufram,gufram.it,https://indiadesignid.com/id-exhibit/gufram/
GULMOHAR LANE,gulmoharlane.com,https://indiadesignid.com/id-exhibit/gulmohar-lane/
"Hacker Kitchen, RESYDE",googletagmanager.com,https://indiadesignid.com/id-exhibit/hacker-kitchen/
Hands,handscarpets.com,https://indiadesignid.com/id-exhibit/hands-2/
Hands & Minds,googletagmanager.com,https://indiadesignid.com/id-exhibit/hands-minds-2/
Harshita Jhamtani Designs,harshitajhamtani.com,https://indiadesignid.com/id-exhibit/harshita-jhamtani-designs/
Haruma,haruma.in,https://indiadesignid.com/id-exhibit/haruma/
Hästens,hastens.com,https://indiadesignid.com/id-exhibit/hastens/
HÄSTENS by AVIT,googletagmanager.com,https://indiadesignid.com/id-exhibit/hastens-by-avit/
Hatsu,hatsu.in,https://indiadesignid.com/id-exhibit/hatsu-2/
Hearty Muse Atelier,heartymuseatelier.com,https://indiadesignid.com/id-exhibit/hearty-muse-atelier/
HOME ET TU,homeettu.com,https://indiadesignid.com/id-exhibit/home-et-tu-2/
Home of Chirmi,googletagmanager.com,https://indiadesignid.com/id-exhibit/home-of-chirmi/
House of Edwa,googletagmanager.com,https://indiadesignid.com/id-exhibit/house-of-edwa/
House of Katachi,houseofkatachi.com,https://indiadesignid.com/id-exhibit/house-of-katachi/
HOUSE OF KNOTS,houseofknots.com,https://indiadesignid.com/id-exhibit/house-of-knots/
House Of Piranesi,houseofpiranesi.com,https://indiadesignid.com/id-exhibit/house-of-piranesi/
Ikai Asai,googletagmanager.com,https://indiadesignid.com/id-exhibit/ikai-asai-3/
India Circus By Krsnaa Mehta A Godrej Enterprises Brand,indiacircus.com,https://indiadesignid.com/id-exhibit/india-circus-by-krsnaa-mehta-a-godrej-enterprises-brand/
Indie Eye Home,indieeyehome.com,https://indiadesignid.com/id-exhibit/indie-eye-home/
Innovative Design Studio,innovativedesignstudio.in,https://indiadesignid.com/id-exhibit/innovative-design-studio-2/
Innovative Design Studio x Elite Bohemia,innovativedesigngroup.in,https://indiadesignid.com/id-exhibit/innovative-design-studio-x-elite-bohemia/
INV STUDIO,invhome.in,https://indiadesignid.com/id-exhibit/inv-studio/
Istituto Marangioni,istitutomarangoni.com,https://indiadesignid.com/id-exhibit/istituto-marangioni/
Istituto Marangoni,istitutomarangoni.com,https://indiadesignid.com/id-exhibit/istituto-marangoni-2/
JAGDISH SUTAR,jagdishsutar.in,https://indiadesignid.com/id-exhibit/jagdish-sutar/
Jaipur Rugs,googletagmanager.com,https://indiadesignid.com/id-exhibit/jaipur-rugs-3/
Janavi,janaviindia.com,https://indiadesignid.com/id-exhibit/janavi/
Janavi India,janaviindia.com,https://indiadesignid.com/id-exhibit/janavi-india/
Karan Desai Home,googletagmanager.com,https://indiadesignid.com/id-exhibit/karan-desai-home/
Karan Desai x Foremost Marble,googletagmanager.com,https://indiadesignid.com/id-exhibit/karan-desai-x-foremost-marble/
klove & collektklove,klovestudio.com,https://indiadesignid.com/id-exhibit/klove-studio/
KOHELIKA KOHLI DESIGN,k2india.com,https://indiadesignid.com/id-exhibit/kohelika-kohli-design/
Kohler,kohler.co.in,https://indiadesignid.com/id-exhibit/kohler-2/
Koko by K2 India,k2india.com,https://indiadesignid.com/id-exhibit/koko-by-k2/
KOKO by K2India,k2india.com,https://indiadesignid.com/id-exhibit/koko-by-k2india/
KOY by KUNAAL KYHAAN SEOLEKAR,kyhaan.com,https://indiadesignid.com/id-exhibit/koy-by-kunaal-kyhaan-seolekar/
KREA,googletagmanager.com,https://indiadesignid.com/id-exhibit/krea-2/
Kuche7,kuche7.com,https://indiadesignid.com/id-exhibit/kuche7-2/
Kunal Maniar and Associates,kunalmaniarassociates.com,https://indiadesignid.com/id-exhibit/kunal-maniar-and-associates-2/
KYNKYNY Art Gallery,kynkyny.com,https://indiadesignid.com/id-exhibit/kynkyny-art-gallery/
LA Cornue,lacornue.com,https://indiadesignid.com/id-exhibit/la-cornue/
Lako Lako,lakolako.in,https://indiadesignid.com/id-exhibit/lako-lako/
LALIQUE,fr.lalique.com,https://indiadesignid.com/id-exhibit/lalique/
LATITUDE 28,latitude28.com,https://indiadesignid.com/id-exhibit/latitude-28/
Leidenschaft,leidenschaft.in,https://indiadesignid.com/id-exhibit/leidenschaft/
LENGTH BREADTH HEIGHT,lxbxh.in,https://indiadesignid.com/id-exhibit/length-breadth-height-2/
length breadth height & CRIO,googletagmanager.com,https://indiadesignid.com/id-exhibit/length-breadth-height/
Life n Colors & Prasanaakshi,lifencolors.in,https://indiadesignid.com/id-exhibit/life-n-colors-prasanaakshi/
Ligne Roset,bbcollective.co,https://indiadesignid.com/id-exhibit/ligne-roset-2/
Ligne Roset India,bbcollective.co,https://indiadesignid.com/id-exhibit/ligne-roset-india-2/
Lila,lilaworld.in,https://indiadesignid.com/id-exhibit/lila/
Lladró,lladro.com,https://indiadesignid.com/id-exhibit/lladro-3/
Lladró,lladro.com,https://indiadesignid.com/id-exhibit/lladro/
LONDON ART X SOFTLITE,londonart.it,https://indiadesignid.com/id-exhibit/london-art-x-softlite/
LumeHaus,lumehaus.in,https://indiadesignid.com/id-exhibit/lumehaus/
Lutron,commercial.lutron.com,https://indiadesignid.com/id-exhibit/lutron/
Lutron Electronics,luxury.lutron.com,https://indiadesignid.com/id-exhibit/lutron-electronics/
Luxaddi,luxaddi.com,https://indiadesignid.com/id-exhibit/luxaddi-2/
Madras Makers,madrasmakers.com,https://indiadesignid.com/id-exhibit/madras-makers-2/
MADRAS MAKERS (since 2013),madrasmakers.com,https://indiadesignid.com/id-exhibit/madras-makers-since-2013/
MAGARI Furniture,magari.in,https://indiadesignid.com/id-exhibit/magari-furniture/
Magniflex,magniflexindia.com,https://indiadesignid.com/id-exhibit/magniflex-2/
Magppie,magppie.com,https://indiadesignid.com/id-exhibit/magppie/
Maison Du Luxe,maisonduluxe.in,https://indiadesignid.com/id-exhibit/maison-du-luxe/
Maison Sia,googletagmanager.com,https://indiadesignid.com/id-exhibit/maison-sia/
Makaan,makaanjaipur.com,https://indiadesignid.com/id-exhibit/makaan/
Mana Collective,googletagmanager.com,https://indiadesignid.com/id-exhibit/mana-collective/
Mangrove Collective,mangrovecollective.in,https://indiadesignid.com/id-exhibit/mangrove-collective-2/
MANUHITA,manuhita.com,https://indiadesignid.com/id-exhibit/manuhita/
Masha Art,mashaart.com,https://indiadesignid.com/id-exhibit/masha-art-2/
Material Immaterial Studio,india.materialimmaterial.com,https://indiadesignid.com/id-exhibit/material-immaterial/
MeMeraki,memeraki.com,https://indiadesignid.com/id-exhibit/memeraki-2/
Memuraa,memuraa.com,https://indiadesignid.com/id-exhibit/memuraa/
Mi ikigai by Uurmi Bhatia,miikigai.in,https://indiadesignid.com/id-exhibit/mi-ikigai-by-uurmi-bhatia/
Mikasa Floors & Doors,mikasafloors.com,https://indiadesignid.com/id-exhibit/mikasa-floors/
Milaaya Interiors,milaayaembroideries.com,https://indiadesignid.com/id-exhibit/milaaya-interiors/
Mixx Doors,mixxdoors.com,https://indiadesignid.com/id-exhibit/mixx-doors-2/
Mohh,mohh.com,https://indiadesignid.com/id-exhibit/mohh/
Morii Design,moriidesign.com,https://indiadesignid.com/id-exhibit/morii-design/
Mukul Goyal Designs,mukulgoyal.com,https://indiadesignid.com/id-exhibit/mukul-goyal-designs/
MuseMART,musemart.co.in,https://indiadesignid.com/id-exhibit/musemart/
Nama Home,googletagmanager.com,https://indiadesignid.com/id-exhibit/nama-home-2/
Nathalie Borderie,nathalieborderie.fr,https://indiadesignid.com/id-exhibit/nathalie-borderie/
NATUZZI ITALIA,natuzzi.com,https://indiadesignid.com/id-exhibit/natuzzi-italia-2/
NAYAB by TRADITIONAL HANDICRAFTS CENTRE,googletagmanager.com,https://indiadesignid.com/id-exhibit/nayab-by-traditional-handicrafts-centre/
Nexion,nexiontiles.com,https://indiadesignid.com/id-exhibit/nexion-nexion-surfaces-private-limited-2/
Nexion (Nexion Surfaces Private Limited),nexiontiles.com,https://indiadesignid.com/id-exhibit/nexion-nexion-surfaces-private-limited/
Neytt,neytt.com,https://indiadesignid.com/id-exhibit/neytt-by-extraweave/
Neytt Homes,neytt.com,https://indiadesignid.com/id-exhibit/neytt-homes/
Nitush & Aroosh,nitusharoosh.com,https://indiadesignid.com/id-exhibit/nitush-aroosh/
Nitush-Aroosh,nitusharoosh.com,https://indiadesignid.com/id-exhibit/nitush-aroosh-3/
Nivasa,nivasa.com,https://indiadesignid.com/id-exhibit/nivasa-5/
Objectry,objectry.com,https://indiadesignid.com/id-exhibit/objectry-3/
Objects In Space,objectsinspace.in,https://indiadesignid.com/id-exhibit/objects-in-space/
OBJETTO,objetto.in,https://indiadesignid.com/id-exhibit/objetto/
Ochre At Home,ochreathome.com,https://indiadesignid.com/id-exhibit/ochre-at-home/
Ojas Art,ojasart.com,https://indiadesignid.com/id-exhibit/ojas-art/
OLIE,olie.co.in,https://indiadesignid.com/id-exhibit/olie/
One O One Studios,,https://indiadesignid.com/id-exhibit/one-o-one-studios-3/
Onedot6,,https://indiadesignid.com/id-exhibit/onedot6/
Onset Homes,onsethomes.com,https://indiadesignid.com/id-exhibit/onset-homes/
OORJAA,oorjaa.in,https://indiadesignid.com/id-exhibit/oorjaa/
Oorjaa Design,oorjaa.in,https://indiadesignid.com/id-exhibit/oorjaa-design/
ORI Folded Dreams,googletagmanager.com,https://indiadesignid.com/id-exhibit/ori-folded-dreams/
Orikrit,orikrit.com,https://indiadesignid.com/id-exhibit/orikrit-3/
Orvi,orvi.com,https://indiadesignid.com/id-exhibit/orvi-3/
Ozone,ozone.in,https://indiadesignid.com/id-exhibit/ozone/
Ozone Overseas,ozone-india.com,https://indiadesignid.com/id-exhibit/ozone-overseas-pvt-ltd/
P.O.D Pieces Of Desire,googletagmanager.com,https://indiadesignid.com/id-exhibit/pieces-of-desire-pod/
Padme Hum Studio India,padmehumstudioindia.com,https://indiadesignid.com/id-exhibit/padme-hum-studio-india/
Panasonic L-CLASS Kitchen,lsin.panasonic.com,https://indiadesignid.com/id-exhibit/panasonic-l-class-kitchen/
Panasonic L-Class Kitchens,lsin.panasonic.com,https://indiadesignid.com/id-exhibit/panasonic-l-class-kitchens/
Panasonic Life Solutions India Pvt. Ltd.,lsin.panasonic.com,https://indiadesignid.com/id-exhibit/panasonic-life-solutions-india-pvt-ltd/
Parākāshthā,parakashtha.com,https://indiadesignid.com/id-exhibit/parakashtha-2/
Parman Designs,parmandesigns.com,https://indiadesignid.com/id-exhibit/parman-designs-3/
Pasana,pasana.co.in,https://indiadesignid.com/id-exhibit/pasana/
Peacock Life by Shabnam Gupta,peacocklife.com,https://indiadesignid.com/id-exhibit/peacock-life-by-shabnam-gupta-2/
Perennials,googletagmanager.com,https://indiadesignid.com/id-exhibit/perennials-2/
Perennials and Sutherland,perennialsfabrics.com,https://indiadesignid.com/id-exhibit/perennials-and-sutherland/
Pieces of Desire (P.O.D),googletagmanager.com,https://indiadesignid.com/id-exhibit/pieces-of-desire-p-o-d/
Pinakin,pinakinstudio.com,https://indiadesignid.com/id-exhibit/pinakin/
Pinakin Studio,pinakinstudio.com,https://indiadesignid.com/id-exhibit/pinakin-studio/
Pllum Legno,pllumlegno.in,https://indiadesignid.com/id-exhibit/pllum-legno-2/
Plüsch,pluschliving.com,https://indiadesignid.com/id-exhibit/plusch/
Pocho Living,googletagmanager.com,https://indiadesignid.com/id-exhibit/pocho-living-3/
Poliform Mumbai,googletagmanager.com,https://indiadesignid.com/id-exhibit/poliform-mumbai/
Popcorn Atelier,googletagmanager.com,https://indiadesignid.com/id-exhibit/popcorn-atelier/
PortsideCafe Furniture Studio,portsidecafeshop.com,https://indiadesignid.com/id-exhibit/portsidecafe-furniture-studio-4/
PortsideCafé Furniture Studio,portsidecafeshop.com,https://indiadesignid.com/id-exhibit/portsidecafe-furniture-studio-3/
Project 810,project810.com,https://indiadesignid.com/id-exhibit/project-810/
Quattrefoil,quattrefoil.com,https://indiadesignid.com/id-exhibit/quattrefoil-2/
Quba Homes,qubahomes.com,https://indiadesignid.com/id-exhibit/quba-homes-2/
Raseel at Casa Pop,casa-pop.com,https://indiadesignid.com/id-exhibit/casa-pop/
Ravi Vazirani Design Studio,ravivazirani.com,https://indiadesignid.com/id-exhibit/ravi-vazirani-design-studio-2/
Ravish Vohra Home,googletagmanager.com,https://indiadesignid.com/id-exhibit/ravish-vohra-home/
RAVOH,ravoh.in,https://indiadesignid.com/id-exhibit/ravoh/
red blue & yellow,redblueyellow.in,https://indiadesignid.com/id-exhibit/red-blue-yellow/
Rhea Mehta Design,rhea-mehta.com,https://indiadesignid.com/id-exhibit/rhea-mehta-design/
Rhizome,rhizome.design,https://indiadesignid.com/id-exhibit/rhizome/
RITZLANE,ritzlane.in,https://indiadesignid.com/id-exhibit/ritzlane/
Ronak Hingarh Design Studio,ronakhingarh.com,https://indiadesignid.com/id-exhibit/ronak-hingarh-design-studio/
Rooshad Shroff,googletagmanager.com,https://indiadesignid.com/id-exhibit/rooshad-shroff-2/
Rosabagh,,https://indiadesignid.com/id-exhibit/rosabagh/
RR DECOR PVT LTD,rrdecor.com,https://indiadesignid.com/id-exhibit/r-r-decor-pvt-ltd/
Saijal Goenka,,https://indiadesignid.com/id-exhibit/saijal-goenka-2/
Saint Louis by Emery Studio,saint-louis.com,https://indiadesignid.com/id-exhibit/saint-louis-by-emery-studio/
Sanjay Puri Architects,sanjaypuriarchitects.com,https://indiadesignid.com/id-exhibit/sanjay-puri-architects/
Sansaar – A D’decor brand,sansaar.co.in,https://indiadesignid.com/id-exhibit/sansaar-a-ddecor-brand-2/
Sansaar A D’Décor brand,sansaar.co.in,https://indiadesignid.com/id-exhibit/sansaar-a-ddecor-brand/
Sarita Handa,saritahanda.com,https://indiadesignid.com/id-exhibit/sarita-handa-3/
Scarlet Splendour,scarletsplendour.com,https://indiadesignid.com/id-exhibit/scarlet-splendour-2/
Scavolini,scavolini.com,https://indiadesignid.com/id-exhibit/scavolini-2/
SCHULLER BY RR LIVING,googletagmanager.com,https://indiadesignid.com/id-exhibit/schuller-kuchen-furs-leben/
Sereno,sereno.co.in,https://indiadesignid.com/id-exhibit/sereno-2/
SG Corporation,sgcorporation.in,https://indiadesignid.com/id-exhibit/andrew-martin-fabricut-fabric-art/
"SG Corporation – Fabric Art, Andrew Martin, Fabricut",sgcorporation.in,https://indiadesignid.com/id-exhibit/sg-corporation-fabric-art-andrew-martin-fabricut/
Shailesh Rajput Studio,shaileshrajputstudio.com,https://indiadesignid.com/id-exhibit/shailesh-rajput-studio/
Sita Nanda,sitananda.com,https://indiadesignid.com/id-exhibit/sita-nanda/
Sita Nanda for Theodore Alexander,sitananda.com,https://indiadesignid.com/id-exhibit/sita-nanda-for-theodore-alexander/
SMEG,smeg.com,https://indiadesignid.com/id-exhibit/smeg/
SOGANI by Vibhor Sogani,vibhorsogani.com,https://indiadesignid.com/id-exhibit/sogani-by-vibhor-sogani/
SOKKA,sokkatableware.com,https://indiadesignid.com/id-exhibit/sokka-tableware/
SONOS,trysonos.in,https://indiadesignid.com/id-exhibit/sonos/
Sources Unlimited,googletagmanager.com,https://indiadesignid.com/id-exhibit/sources-unlimited-2/
St.Louis By Emery Studio,saint-louis.com,https://indiadesignid.com/id-exhibit/st-louis-by-emery-studio/
Stanley Level Next,googletagmanager.com,https://indiadesignid.com/id-exhibit/stanley-level-next/
Stanley Lifestyle,lovestanley.com,https://indiadesignid.com/id-exhibit/stanley-lifestyle/
Stax Living,stax-living.com,https://indiadesignid.com/id-exhibit/stax-living-2/
Stem,stemdesign.co,https://indiadesignid.com/id-exhibit/stem/
Sternhagen,sternhagen.com,https://indiadesignid.com/id-exhibit/sternhagen/
Stone Art,stoneart.asia,https://indiadesignid.com/id-exhibit/stone-art-2/
Studio ABACA,studioabaca.in,https://indiadesignid.com/id-exhibit/studio-abaca/
Studio By Agni,studiobyagni.com,https://indiadesignid.com/id-exhibit/studio-by-agni-2/
Studio Indigene,studioindigene.com,https://indiadesignid.com/id-exhibit/studio-indigene-2/
Studio Medium,studiomedium.in,https://indiadesignid.com/id-exhibit/studio-medium/
STUDIO METALLURGY,studiometallurgy.com,https://indiadesignid.com/id-exhibit/studio-metallurgy/
STUDIOWORKS,studioworks.co.in,https://indiadesignid.com/id-exhibit/studioworks-2/
Sunday Design,sundaydesign.co.in,https://indiadesignid.com/id-exhibit/sunday-design/
Sunday Design by Coast to Coast,sundaydesign.co.in,https://indiadesignid.com/id-exhibit/sunday-design-by-coast-to-coast/
Sunil Sethi Design Alliance,googletagmanager.com,https://indiadesignid.com/id-exhibit/sunil-sethi-design-alliance/
Sunroof,sunrooof.com,https://indiadesignid.com/id-exhibit/sunroof/
SUNROOOF,sunrooof.com,https://indiadesignid.com/id-exhibit/sunrooof-2/
TAHIR SULTAN,makaanjaipur.com,https://indiadesignid.com/id-exhibit/tahir-sultan/
Takshni,takshni.com,https://indiadesignid.com/id-exhibit/takshni-3/
Taro Collective,,https://indiadesignid.com/id-exhibit/taro-collective/
Tarocollective,tarocollective.com,https://indiadesignid.com/id-exhibit/tarocollective/
Tarun Tahiliani Design Studio,googletagmanager.com,https://indiadesignid.com/id-exhibit/tarun-tahiliani-design-studio/
TECHNOGYM,technogym.com,https://indiadesignid.com/id-exhibit/technogym-2/
Tectona Grandis Furniture,googletagmanager.com,https://indiadesignid.com/id-exhibit/tectona-grandis-furniture-2/
Temple Town,templetown.co.in,https://indiadesignid.com/id-exhibit/temple-town/
Temple Town by Meera Pyarelal,templetown.co,https://indiadesignid.com/id-exhibit/temple-town-by-meera-pyarelal/
The Baby Atelier,thebabyatelierco.com,https://indiadesignid.com/id-exhibit/the-baby-atelier/
The Carpet Cellar,carpetcellar.com,https://indiadesignid.com/id-exhibit/the-carpet-cellar-3/
The Colosseum,thecolosseum.co.in,https://indiadesignid.com/id-exhibit/the-colosseum/
The Design Concierge,googletagmanager.com,https://indiadesignid.com/id-exhibit/the-design-concierge/
THE DESIGNERA,thedesignera.in,https://indiadesignid.com/id-exhibit/the-designera/
The Garden Room,thegardenroom.in,https://indiadesignid.com/id-exhibit/the-garden-room/
THE Park Hotels,theparkhotels.com,https://indiadesignid.com/id-exhibit/the-park-hotels/
THE PURE CONCEPT HOME,thepureconcepthome.in,https://indiadesignid.com/id-exhibit/the-pure-concept-home-2/
The Vernacular Modern,googletagmanager.com,https://indiadesignid.com/id-exhibit/the-vernacular-modern-2/
The Wicker Story,thewickerstory.com,https://indiadesignid.com/id-exhibit/the-wicker-story-2/
This and That,thisandthat.in,https://indiadesignid.com/id-exhibit/this-and-that/
thisandthat X Boito,thisandthat.in,https://indiadesignid.com/id-exhibit/thisandthat-x-boito/
THREE SIXTY,threesixty.life,https://indiadesignid.com/id-exhibit/three-sixty/
Tulio,tulio.design,https://indiadesignid.com/id-exhibit/tulio-2/
turii,turii.in,https://indiadesignid.com/id-exhibit/turii-interiors/
UDC HOMES,udc-homes.com,https://indiadesignid.com/id-exhibit/udc-homes-2/
Vadehra Art Gallery,vadehraart.com,https://indiadesignid.com/id-exhibit/vadehra-art-gallery/
VAHE ENSEMBLE,vahe.co,https://indiadesignid.com/id-exhibit/vahe-ensemble-3/
Vāhe Ensemble,vahe.co,https://indiadesignid.com/id-exhibit/vahe-ensemble-2/
Vakr Studio,vakrstudio.com,https://indiadesignid.com/id-exhibit/vakr-studio-2/
VEAVES,veaves.in,https://indiadesignid.com/id-exhibit/veaves/
Villa Swagatam x Marisol,villaswagatam.in,https://indiadesignid.com/id-exhibit/villa-swagatam-x-marisol/
VINSHEK,vinshek.com,https://indiadesignid.com/id-exhibit/vinshek-2/
Vispring Luxury Beds London 1901,vispring.com,https://indiadesignid.com/id-exhibit/vispring-luxury-beds-london-1901-3/
VITA MODERNA,gc.kis.v2.scr.kaspersky-labs.com,https://indiadesignid.com/id-exhibit/vita-moderna-2/
VitrA,vitra-india.com,https://indiadesignid.com/id-exhibit/vitra/
VIYA,viyadesign.com,https://indiadesignid.com/id-exhibit/viya-2/
VOX India,voxindia.co,https://indiadesignid.com/id-exhibit/vox-india/
vVyom By Shuchita,vvyom.com,https://indiadesignid.com/id-exhibit/vvyom-by-shuchita-2/
Waddle & Roo,googletagmanager.com,https://indiadesignid.com/id-exhibit/waddle-roo/
Waddle & Roo Kid-Friendly Furniture,waddleandroo.com,https://indiadesignid.com/id-exhibit/waddle-roo-kid-friendly-furniture/
Wādi,,https://indiadesignid.com/id-exhibit/wadi/
WALTZ by JB Glass,jbglass.in,https://indiadesignid.com/id-exhibit/waltz-by-jb-glass/
Watcon Outdoor & Bird Fire,watcon.net,https://indiadesignid.com/id-exhibit/watcon-outdoor-bird-fire/
WaterRower | Nohrd,nohrd.com,https://indiadesignid.com/id-exhibit/waterrower-nohrd/
Waterways,thw.co.in,https://indiadesignid.com/id-exhibit/waterways-2/
Weave Craft,,https://indiadesignid.com/id-exhibit/weave-craft-2/
WILLOW VIIEW,willowviiew.com,https://indiadesignid.com/id-exhibit/willow-viiew/
WINDOW PASSIONS,windowpassions.com,https://indiadesignid.com/id-exhibit/window-passions-2/
WINDOW PASSIONS INDIA PVT. LTD.,googletagmanager.com,https://indiadesignid.com/id-exhibit/window-passions-india-pvt-ltd/
WITHIN,within.net.in,https://indiadesignid.com/id-exhibit/within-2/
World Bazaar,worldbazaarindia.com,https://indiadesignid.com/id-exhibit/world-bazaar-2/
World Of Outdoors,worldofoutdoors.in,https://indiadesignid.com/id-exhibit/world-of-outdoors-2/
Wriver,wriver.in,https://indiadesignid.com/id-exhibit/wriver-3/
Yaahvi by Nikita Bansal,yaahvi.com,https://indiadesignid.com/id-exhibit/yaahvi-by-nikita-bansal/
Young Collectors Weekend Global by Cultivate Art,cultivateart.in,https://indiadesignid.com/id-exhibit/young-collectors-weekend-global-by-cultivate-art/
Young Collectors’ Weekend Global Design,cultivateart.in,https://indiadesignid.com/id-exhibit/young-collectors-weekend-global-design/
Ziba Homes,zibahomes.in,https://indiadesignid.com/id-exhibit/ziba-homes/
FabriCare™ by D’Decor,fabricare.ddecor.com,https://indiadesignid.com/id-exhibit/fabricare-by-ddecor/
VISPRING LUXURY BEDS- LONDON 1901,vispring.com,https://indiadesignid.com/id-exhibit/vispring-luxury-beds-london-1901/
